Cluster,Job Counts,Jobs
11,3,"[['.net开发工程师', '工作要求：\n1. 计算机相关专业大专以上学历\n2. 精通ASP.NET，.NET CORE MVC开发，有面向对象的分析、设计和开发经验，能独立解决技术问题\n3. 3年以上.Net项目开发工作经验，熟悉C#、ASP.NET、JavaScript,了解前后端分离\n4. 对SqlServer或者MYSQL数据库有不错的运用和开发经验，熟练了解sql，能进行数据库的性能调优，熟悉了解EF等相关ORM技术\n5. 对微服务开发，分布式事务，Redis熟悉优先\n6. 有较好的逻辑思维能力，善于分析解决问题，喜欢挑战性的工作，有完成优秀产品的热情和激情\n7. 良好的职业修养、责任心强；良好的沟通能力和团队协作精神，抗压能力强\n8. 有项目管理经验优先'], ['.Net 高级工程师', '工作要求：\n1. 计算机相关专业大专以上学历\n2. 精通ASP.NET，.NET CORE MVC开发，有面向对象的分析、设计和开发经验\n3. 3年以上.Net项目开发工作经验，熟悉C#、ASP.NET、JavaScript\n4. 对SqlServer或者MYSQL数据库有不错的运用和开发经验，熟练了解sql\n5. 对微服务开发，分布式事务，Redis熟悉优先\n6. 良好的逻辑思维能力，善于分析解决问题\n7. 良好的职业修养、责任心强\n8. 良好的沟通能力和团队协作精神，抗压能力强\n9. 有项目管理经验优先\n10. 有商城系统、小程序、进销存相关经验优先'], ['C#高级开发工程师', '工作要求：\n1. 计算机相关专业大专以上学历\n2. 精通ASP.NET，.NET CORE MVC开发，有面向对象的分析、设计和开发经验\n3. 3年以上.Net项目开发工作经验，熟悉C#、ASP.NET、JavaScript\n4. 对SqlServer或者MYSQL数据库有不错的运用和开发经验，熟练了解sql\n5. 对微服务开发，分布式事务，Redis熟悉优先\n6. 有较好的逻辑思维能力，善于分析解决问题\n7. 良好的职业修养、责任心强\n8. 良好的沟通能力和团队协作精神，抗压能力强\n9. 有项目管理经验优先']]"
12,2,"[['.NET后端开发工程师', '工作要求：\n1. 本科及以上学历，计算机技术，软件技术专业优先\n2. 3年以上工作经验，熟悉.Net平台和C#语言\n3. 有.NET Core的实际使用经验，了解ABP及DDD设计模式；熟悉分布式架构\n4. 熟悉mysql，redis，estaticsearch，mongodb，mq 其中2项\n5. 具有标准化、规范化的代码书写习惯，对代码进行单元测试'], ['后端开发工程师', '工作要求：\n1. 本科及以上学历，计算机技术，软件技术专业优先\n2. 3年以上工作经验，熟悉.Net平台和C#语言\n3. 有.NET Core的实际使用经验，了解ABP及DDD设计模式；熟悉分布式架构\n4. 熟悉mysql，redis，estaticsearch，mongodb，mq 其中2项\n5. 具有标准化、规范化的代码书写习惯，对代码进行单元测试']]"
26,2,"[['.NET初级开发工程师', '工作要求：\n1. 大专以上学历\n2. 2年以上开发工作经验，计算机、信息管理或相关专业\n3. 精通.Net(C#.net、Asp.net、Asp.net Core)、Oracle/SQL Server/MySQL数据库开发技术\n4. 有零售行业ERP、分销、零售、物流、人力资源、财务系统等开发经历优先\n5. 具有良好的团队合作、敬业精神'], ['.NET开发工程师', '工作要求：\n1. 大专以上学历\n2. 3-5年以上开发工作经验，计算机、信息管理或相关专业\n3. 精通.Net(C#.net、Asp.net、Asp.net Core)、Oracle/SQL Server/MySQL数据库开发技术\n4. 有零售行业ERP、分销、零售、物流、人力资源、财务系统等开发经历优先\n5. 具有良好的团队合作、敬业精神']]"
33,2,"[['.NET开发工程师（高并发高可用）', '工作要求：\n1. 统招本科及以上学历（必备），计算机相关专业，3年及以上软件开发经验；\n2. 有高并发高可用实战经验，熟悉EF Core、 .Net Core、ABP、Redis、RabbitMQ；\n3. 精通数据库设计/数据库性能调优，熟练运用ElasticSearch、MongoDb等；\n4. 掌握微服务架构设计思想，熟悉微服务与容器技术的应用；\n5. 基本功扎实，对DDD、OO、IOC、AOP等有深刻认识，熟悉常用设计模式。'], ['.net开发工程师', '工作要求：\n1. 统招本科及以上学历（必备），计算机相关专业，3年及以上软件开发经验；\n2. 有高并发高可用实战经验，熟悉EF Core、 .Net Core、ABP、Redis、RabbitMQ；\n3. 精通数据库设计/数据库性能调优，熟练运用ElasticSearch、MongoDb等；\n4. 掌握微服务架构设计思想，熟悉微服务与容器技术的应用；\n5. 基本功扎实，对DDD、OO、IOC、AOP等有深刻认识，熟悉常用设计模式。']]"
41,2,"[['.NET开发技术员', '工作要求：\n1. 统招本科及本科以上学历\n2. 熟悉.net mvc框架，熟悉HTML、CSS、JS\n3. 熟练掌握.NET B/S开发、 C/S开发，熟悉DEV控件，WPF开发优先\n4. 熟练掌握VS2015及以上版本IDE，熟悉SVN版本管理工具\n5. 熟练C#框架原理，控件编写、JSON、XML技术\n6. 熟悉MicroSoft SQLServer 、MySQL、Oracle等主流数据库，能够操纵游标、存储过程、视图、触发器等基本技能\n7. 具备优秀的需求理解能力，问题分析能力，能够根据需求灵活实现\n8. 良好规范的文档和编程习惯\n9. 具备良好的技术钻研精神，对技术专注度高，具备良好的技术探索精神，抗压性佳'], ['.NET开发工程师', '工作要求：\n1. 统招本科及本科以上学历\n2. 熟悉.net mvc框架，熟悉HTML、CSS、JS\n3. 熟练掌握.NET B/S开发、 C/S开发，熟悉DEV控件，WPF开发优先\n4. 熟练掌握VS2015及以上版本IDE，熟悉SVN版本管理工具\n5. 熟练C#框架原理，控件编写、JSON、XML技术\n6. 熟悉MicroSoft SQLServer 、MySQL、Oracle等主流数据库，能够操纵游标、存储过程、视图、触发器等基本技能\n7. 具备优秀的需求理解能力，问题分析能力，能够根据需求灵活实现\n8. 良好规范的文档和编程习惯\n9. 具备良好的技术钻研精神，对技术专注度高，具备良好的技术探索精神，抗压性佳']]"
43,2,"[['.NET实习生', '工作要求：\n1. 一年以上相关岗位的工作经验，大专或以上学历的计算机软件专业；\n2. 掌握C#、ASP.NET 、.NET core、MVC、JavaScript、JQuery、Ajax、Vue开发语言；\n3. 数据库掌握SQL Server、MY SQL；\n4. 熟练掌握面向对象设计技术及UML；\n5. 具有一定的独立承担项目开发、文档编撰能力；\n6. 具有良好的团队合作精神，积极主动，有较好的学习、沟通能力。'], ['.net实习生', '工作要求：\n1. 大专或以上学历的计算机软件专业；\n2. 掌握C#、ASP.NET 、.NET core、MVC、JavaScript、JQuery、Ajax、Vue开发语言；\n3. 数据库掌握SQL Server、MY SQL；\n4. 熟练掌握面向对象设计技术及UML；\n5. 具有一定的独立承担项目开发、文档编撰能力；\n6. 具有良好的团队合作精神，积极主动，有较好的学习、沟通能力。']]"
48,4,"[['.net(bpm/OA)', '工作要求: \n1. 具有良好代码编写习惯，可读性强；\n2. 了解常用设计模式，有实际应用经验；\n3. 有.NET平台下B/S、C/S架构开发经验，熟悉主流框架及应用，熟悉原理和机制；\n4. 精通C#，熟悉 .NET Framework 框架及底层原理；\n5. 掌握ASP.NET(C#)、ASP.NET MVC、XML、web Service、WebApi等开发技术，有较强的应用设计经验；\n6. 熟悉数据库相关知识，能够熟练应用Oracle、SqlServer、MySql等数据库进行开发和管理，至少熟悉一种数据库开发和管理；\n7. 掌握.NET Core技术，有跨平台部署经验者优先；\n8. 掌握VUE、HTML5、HTML、JavaScript、CSS、Ajax等前端技术，具有成熟的研发设计经验优先；\n9. 熟悉分布式技术原理，参与过服务化项目开发者优先；\n10. 除C#外掌握java/Python/php/nodeJS者优先；\n11. 能够在指导下进行性能优化。\n12. 了解敏捷开发\n13. 了解简单的项目管理知识'], ['.net开发工程师', '工作要求：\n1. 具有良好代码编写习惯，可读性强；\n2. 了解常用设计模式，有实际应用经验；\n3. 有.NET平台下B/S、C/S架构开发经验，熟悉主流框架及应用，熟悉原理和机制；\n4. 精通C#，熟悉 .NET Framework 框架及底层原理；\n5. 掌握ASP.NET(C#)、ASP.NET MVC、XML、web Service、WebApi等开发技术；\n6. 具有较强的应用设计经验；\n7. 熟悉数据库相关知识，能够熟练应用Oracle、SqlServer、MySql等数据库进行开发和管理，至少熟悉一种数据库开发和管理；\n8. 掌握.NET Core技术，有跨平台部署经验者优先；\n9. 掌握VUE、HTML5、HTML、JavaScript、CSS、Ajax等前端技术，具有成熟的研发设计经验优先；\n10. 熟悉分布式技术原理，参与过服务化项目开发者优先；\n11. 除C#外掌握java/Python/php/nodeJS者优先；\n12. 能够在指导下进行性能优化；\n13. 了解敏捷开发；\n14. 了解简单的项目管理知识。'], ['.NET工程师-C#-线上面试', '工作要求：\n1. 具有良好代码编写习惯，可读性强；\n2. 了解常用设计模式，有实际应用经验；\n3. 有.NET平台下B/S、C/S架构开发经验，熟悉主流框架及应用，熟悉原理和机制；\n4. 精通C#，熟悉 .NET Framework 框架及底层原理；\n5. 掌握ASP.NET(C#)、ASP.NET MVC、XML、web Service、WebApi等开发技术，有较强的应用设计经验；\n6. 熟悉数据库相关知识，能够熟练应用Oracle、SqlServer、MySql等数据库进行开发和管理，至少熟悉一种数据库开发和管理；\n7. 掌握.NET Core技术，有跨平台部署经验者优先；\n8. 掌握VUE、HTML5、HTML、JavaScript、CSS、Ajax等前端技术，具有成熟的研发设计经验优先；\n9. 熟悉分布式技术原理，参与过服务化项目开发者优先；\n10. 除C#外掌握java/Python/php/nodeJS者优先；\n11. 能够在指导下进行性能优化。\n12. 了解敏捷开发\n13. 了解简单的项目管理知识'], ['.net开发工程师（BPM）', '工作要求：\n1. 具有良好代码编写习惯，可读性强；\n2. 了解常用设计模式，有实际应用经验；\n3. 有.NET平台下B/S、C/S架构开发经验，熟悉主流框架及应用，熟悉原理和机制；\n4. 精通C#，熟悉 .NET Framework 框架及底层原理；\n5. 掌握ASP.NET(C#)、ASP.NET MVC、XML、web Service、WebApi等开发技术，有较强的应用设计经验；\n6. 熟悉数据库相关知识，能够熟练应用Oracle、SqlServer、MySql等数据库进行开发和管理，至少熟悉一种数据库开发和管理；\n7. 掌握.NET Core技术，有跨平台部署经验者优先；\n8. 掌握VUE、HTML5、HTML、JavaScript、CSS、Ajax等前端技术，具有成熟的研发设计经验优先；\n9. 熟悉分布式技术原理，参与过服务化项目开发者优先；\n10. 除C#外掌握java/Python/php/nodeJS者优先；\n11. 能够在指导下进行性能优化；\n12. 了解敏捷开发；\n13. 了解简单的项目管理知识']]"
65,3,"[['.NET开发（VUE/上市公司/可快速到岗）', '工作要求：\n1. 熟悉C#基础语言、面向对象，具有良好的编码规范；\n2. 熟悉IO流，集合操作、熟悉多线程数据处理；\n3. 熟悉掌握WinForm开发；\n4. 熟悉entityframework、Dapper应用开发框架组合；熟悉.Net Core；\n5. 熟悉HTML、CSS、JavaScript、vue.js；\n6. 熟悉项目管理工具svn、git以及postman工具的使用，了解Linux命令操作；\n7. 熟悉SqlServer、Oracle等数据库sql语句的DML操作，熟悉redis缓存,MQ队列；了解MongoDB；\n8. 4年以上开发经验，有良好的沟通能力、表达能力及团队协作能力；学习能力、抗压能力强；\n9. 有CAMSTAR系统开发经验优先'], ['.net开发工程师（供应链方向）', '工作要求：\n\n1. 熟悉C#基础语言、面向对象，具有良好的编码规范；\n2. 熟悉IO流，集合操作、熟悉多线程数据处理；\n3. 熟悉掌握WinForm开发；\n4. 熟悉entityframework、Dapper应用开发框架组合；熟悉.Net Core。\n5. 熟悉HTML、CSS、JavaScript、vue.js；\n6. 熟悉项目管理工具svn、git以及postman工具的使用，了解Linux命令操作；\n7. 熟悉SqlServer、Oracle等数据库sql语句的DML操作，熟悉redis缓存,MQ队列。了解MongoDB\n8. 5年以上开发经验，有良好的沟通能力、表达能力及团队协作能力；学习能力、抗压能力强。\n9. 有CAMSTAR系统开发经验优先'], ['急招 net 反馈块 会VUE', '工作要求：\n\n1. 熟悉C#基础语言、面向对象，具有良好的编码规范；\n2. 熟悉IO流，集合操作、熟悉多线程数据处理；\n3. 熟悉掌握WinForm开发；\n4. 熟悉entityframework、Dapper应用开发框架组合；熟悉.Net Core。\n5. 熟悉HTML、CSS、JavaScript、vue.js；\n6. 熟悉项目管理工具svn、git以及postman工具的使用，了解Linux命令操作；\n7. 熟悉SqlServer、Oracle等数据库sql语句的DML操作，熟悉redis缓存,MQ队列。了解MongoDB\n8. 4年以上开发经验，有良好的沟通能力、表达能力及团队协作能力；学习能力、抗压能力强。\n9. 有CAMSTAR系统开发经验优先']]"
74,2,"[['.Net（急急急缺9个电话面试薪资可谈）', '工作要求：\n\n1. 本科五年以上或硕士三年本领域工作经验\n2. 熟悉.NET framework 架构和相关的 C# 开发技术\n3. 精通 SQL Server、Javascript、Jquery、C#、ASP.NET、MVC、Spring.net、.net6、entity framework\n4. 精通 SQL Server 及 SSRS，对数据库性能优化有一定认识\n5. 熟练掌握 .Net Core, Micro-service,Azure，CI/CD 持续集成/持续部署\n6. 熟悉 WinForm,WPF,Web Form, Web Services, WCF, WPF, MVC, 异步编程, 多线程, Robbit MQ 单元测试等技术的开发经验\n7. 熟悉 .NET framework 架构和相关的 C# 开发技术\n8. 熟练 Identity4、JWT、OAuth2.0 进行身份认证和授权，开发安全稳定系统\n9. 熟练使用 PowerDesigner 进行数据库模型搭建\n10. 熟悉高并发解决方案、有大型分布式，高并发，高负载，高可用性系统设计开发经验\n11. 精通面向对象编程（OOP）技术\n12. 熟悉 ORM、IOC 等开源框架及 MQ 消息、Redis,Memcached 缓存中间件使用与缓存优化能力\n13. 熟悉 CMMI 等开发流程'], ['.net开发 广州', '工作要求:\n\n1. 五年以上或三年本领域工作经验\n2. 计算机、通讯、信息管理、应用数学等相关专业\n3. 熟悉.NET framework、DotNet Core 架构、C# 开发技术\n4. 具有制造领域信息化系统 2 年及以上的工作经验\n5. 精通 SQL Server、Javascript、Jquery、C#、ASP.NET、MVC、Spring.net、.net6、entity framework\n6. 精通 SQL Server 及 SSRS\n7. 对数据库性能优化有一定认识\n8. 熟练掌握 .Net Core、Micro-service、Azure、CI/CD 持续集成/持续部署\n9. 具有 WinForm、WPF、Web Form、Web Services、WCF、WPF、MVC、异步编程、多线程、Robbit MQ 单元测试等技术的开发经验\n10. 熟练 Identity4、JWT、OAuth2.0 进行身份认证和授权\n11. 开发安全稳定系统\n12. 熟练使用 PowerDesigner 进行数据库模型搭建\n13. 熟悉高并发解决方案、有大型分布式、高并发、高负载、高可用性系统设计开发经验\n14. 精通面向对象编程（OOP）技术\n15. 熟悉 ORM、IOC 等开源框架及 MQ 消息、Redis、Memcached 缓存中间件使用与缓存优化能力\n16. 熟悉 CMMI 等开发流程']]"
76,2,"[['资深.NET开发工程师', '工作要求：\n1. 全日制大专及以上学历，具备6年及以上相关经验；\n2. 拥有扎实的.NET开发基础，熟悉.net core项目，在Windows和Linux服务器的部署；\n3. 熟练使用ASP.NET Core、Entity Framework Core、Dapper、SqlSugar等相关技术和框架；\n4. 熟悉面向对象技术，及设计模式，多线程技术，及并发编程，依赖注入、异步多线程等技术应用；\n5. 熟悉 SignalR或者WebSocket相关实时消息通信技术；\n6. 熟悉常用中间件:nacos,Redis,RabbitMQ,Log4Net等；\n7. 熟悉jinkens发布的流程以及发布的环境的搭建；\n8. 具备良好的编码规范，能够协助开发团队完善代码规范；\n9. 具备良好的问题解决能力和学习能力，能够快速适应新技术和工具；\n10. 具有良好的沟通能力和团队合作精神，能够与团队高效协调合作。'], ['资深.net开发工程师', '工作要求：\n1. 全日制大专及以上学历，具备6年及以上相关经验；\n2. 拥有扎实的.NET开发基础，熟悉.net core项目，在Windows和Linux服务器的部署；\n3. 熟练使用ASP.NET Core、Entity Framework Core、Dapper、SqlSugar等相关技术和框架；\n4. 熟悉面向对象技术，及设计模式，多线程技术，及并发编程，依赖注入、异步多线程等技术应用；\n5. 熟悉 SignalR或者WebSocket相关实时消息通信技术；\n6. 熟悉常用中间件:nacos,Redis,RabbitMQ,Log4Net等；\n7. 熟悉jinkens发布的流程以及发布的环境的搭建；\n8. 具备良好的编码规范，能够协助开发团队完善代码规范；\n9. 具备良好的问题解决能力和学习能力，能够快速适应新技术和工具；\n10. 具有良好的沟通能力和团队合作精神，能够与团队高效协调合作。']]"
111,25,"[['.NET技术经理', '工作要求: \n1. 负责产品开发中的技术问题\n2. 负责研发过程中技术团队的管理\n3. 负责项目进度及质量'], ['CRM工程师', '工作要求：\n1. 维护和规范运营CRM系统，确保其稳定运行和不断提升。\n2. 及时维护后台数据，提高业务数据分析能力。\n3. 不断开发和完善CRM功能，开发更多支持销售的工具。\n4. 规范管理CRM系统，指导员工规范使用，确保数据的准确、全面和规范录入。'], ['计算机软件开发', '工作要求:\n1. 软件开发能力\n2. 程序开发经验\n3. 数据分析技能'], ['python软件开发工程师', '工作要求：\n1. 掌握Python开发能力\n2. 掌握数据开发能力\n3. 掌握软件页面与交互开发能力\n4. 具有网络服务和大数据技术栈的了解\n5. 具有CV、GIS、NLP的了解\n6. 具有页面和数据开发的项目经历\n7. 具有从0开始参与软件整体开发流程的经验\n8. 具有平台开发意向'], ['hadoop架构师', '工作要求:\n1. 精通hadoop等大数据计算引擎原理\n2. 精通clickhouse等大数据计算引擎原理\n3. 有基于组件的平台开发实践'], ['基础平台架构师(大数据方向)', '工作要求：\n1. 负责公司级的通用存储，计算平台\n2. 负责设计和实现通用的存储服务平台\n3. 帮助公司在技术架构上保持竞争力\n4. 具备Java/Golang等任意一种偏向后端语言能力\n5. 具备底层开发经验，有基础平台开发经验\n6. 对Hadoop生态熟悉并知晓其内部原理机制\n7. 精通java和scala大数据\n8. 能够做出真正有价值产品，保持热情，善于解决实际问题'], ['数据研发/专家', '工作要求:\n1. 负责数据平台的规划、技术选型和建设\n2. 深入理解数据业务，分析用户需求，负责业务计算的抽象和优化\n3. 为客户特定计算需求提供解决方案\n4. 维护和升级现有软件产品和系统\n5. 能够有效地对新人或普通开发工程师进行辅导'], ['高级Hadoop开发工程师', '工作要求: \n1. 技术激情 \n2. 梦想'], ['数据处理师', '工作要求:\n1. 数据提取摘录分析\n2. 建模质检\n3. 入库处理\n4. 风险评估'], ['大数据专家', '工作要求: \n1. 大规模在线和离线计算平台经验\n2. 技术选型能力\n3. 性能优化能力'], ['云平台和App软件开发工程师', '工作要求：\n1. 本科计算机专业\n2. 3年以上云平台和APP软件开发经验'], ['算法工程师', '工作要求：\n1. 熟悉深度学习算法\n2. 具有仿真经验'], ['Hadoop平台计算引擎开发工程师', '工作要求:\n1. 负责Hadoop大数据平台上的SQL计算引擎的设计\n2. 负责Hadoop大数据平台上的SQL计算引擎的开发\n3. 负责Hadoop大数据平台上的SQL计算引擎的部署\n4. 负责Hadoop大数据平台上的SQL计算引擎的测试\n5. 负责Hadoop大数据平台上的SQL计算引擎的发布\n6. 负责Hadoop大数据平台上的SQL计算引擎的技术支持'], ['资深大数据存储研发工程师/HDFS研发专家', '工作要求:\n\n1. 主导过大规模线上分布式系统的设计研发工作，熟悉了解业界前沿分布式存储系统的架构设计方案及design tradeoff。\n2. 拥有7年以上分布式系统、存储系统或数据库相关研发经验，熟悉分布式系统相关理论，如Paxos/Raft等。\n3. 熟练使用Java或C/C++，有多线程、异步编程经验，有扎实的算法基础，熟悉常用的数据结构。\n4. 主导超大规模的下一代分布式元数据存储服务的设计工作。\n5. 带领团队重新设计及改造开源HDFS系统，以解决10k+集群规模下的NameNode性能及内存瓶颈问题。\n6. 与上层应用团队深度合作，针对大规模查询引擎、深度学习平台等应用场景进行深度定制设计及优化。\n7. 与IDC团队深度合作，参与存储与网络领域软硬件结合（RDMA/SPDK/NVMe-oF等）的技术创新探索。'], ['网络安全开发工程师', '工作要求: \n1. 具有网络安全产品研发经验\n2. 具有Web应用安全产品研发经验'], ['java开发', '工作要求:\n1. 云计算、大数据相关java开发经验\n2. 一年以上工作经验\n3. 能够在西安、北京、杭州、深圳其中一个城市工作'], ['python兼职老师', '工作要求: \n1. 掌握基础少儿编程知识\n2. 能讲授Python编程语言\n3. 能胜任小班教学（4-5人）\n4. 具有五年级学生教学经验\n5. 具有教学低龄孩子的能力\n6. 能在海淀青苗私立学校附近进行面授教学'], ['python编程老师', '工作要求:\n1. 模块化编程能力\n2. Python编程语言技能\n3. C/C++编程语言技能'], ['后端研发实习生', '工作要求：\n1. 计算机相关专业优秀本科或研究生学生。\n2. 具备扎实的编程功底，熟练掌握Python和Git。\n3. 熟悉大语言模型，有PyTorch/TensorFlow编程经验，熟悉huggingface使用。\n4. 具有自然语言处理、大语言模型应用领域经验者优先。'], ['CAE开发工程师', '工作要求: \n1. 负责航空强度校核算法的梳理和程序编制。\n2. 客户沟通，撰写相关文档。\n3. 算法正确性测试。'], ['odoo开发工程师', '工作要求:\n1. 熟悉odoo二次开发\n2. 精通Python开发'], ['python实习生（AI方向，远程实习）', '工作要求：\n1. 拥有计算机科学或相关专业的本科或硕士学位；\n2. 具备扎实的计算机科学（CS）基础知识和数据结构技术知识；\n3. 具有Python开发经验；\n4. 了解Docker、FastAPI、EB和CodePipeline等技术工具，将优先考虑；\n5. 对大语言模型相关技术和AIGC行业充满热情。'], ['高级逆向工程师', '工作要求：\n1. 2-3年以上js、android破解经验；\n2. 有解决复杂的反爬限制实践经验，能解决如图片验证码/滑块/账号限制/ip限制等问题\n3. 精通X posed框架和熟练常见Hook技术，有X posed模块编写经验\n4. 熟悉Fiddler，Charles，BurpSuite，TCPDump，Wireshark,Mitmproxy等网络分析工具；\n5. 熟悉浏览器指纹sensor_data原理，并有相关产品破解经验。'], ['软件研发工程师', '工作要求：\n1. 统招全日制本科计算机软件或相关专业毕业\n2. 3~10年开发经验，至少精通java、python语言的一种，并熟悉其相应的技术框架和生态\n3. 扎实的编程能力，熟悉算法和数据结构，对IO、多线程等有一定的了解\n4. 对数据库技术、缓存技术、搜索技术、消息中间件、集群和负载均衡技术等有自己熟悉的框架和见解\n5. 具备一定的测试技能，能够熟练使用脚本语言\n6. 较强的抗压能力和良好的团队合作意识、敢于面对各种挑战\n7. 具有docker、k8s实际使用经验优先\n8. 具有人工智能相关工作经验优先\n9. 具有大数据，人工智能，云计算领域经验优先'], ['python兼职老师', '工作要求：\n1. 授课Python课程\n2. 主要年龄段小学、初中\n3. 兼职开课\n4. 周末授课（周六、周日）']]"
137,4,"[['.net', '工作要求：\n1. 具有功能开发经验\n2. 能够进行服务器维护\n3. 能够解决技术难题'], ['Dynamics365', '工作要求:\n1. 具有D365 Business Central开发经验\n2. 具有D365 Business Central维护经验'], ['爬虫实习生', '工作要求:\n1. 负责完成公司交给的爬虫任务\n2. 了解常见反爬\n3. 实习为线上实习，每天上午10点－12点，下午2点－7点'], ['rpa开发工程师（兼职）', '工作要求：\n1. 熟悉常见RPA开发工具，如uipath，uibot，影刀等，有实际项目经验，可以开发稳定的业务流程。\n2. 熟悉Python自动化框架，如selenium，playwright等。\n3. 具有RPA思维，擅长梳理RPA需求，可以针对项目设计出最优的方案。\n4. 有良好的沟通能力和负责任的态度。']]"
150,2,"[['.NET', '工作要求: \n1. 本科及以上学历，计算机相关专业；\n2. 具有独立开发和维护项目的经验；\n3. 熟悉Linux/Windows操作系统，能够熟练使用Nginx、Docker、IIS进行跨平台部署；\n4. 熟悉多进程、多线程等并发模型，有相关并发编程经验；有分布式系统的设计和开发经验；\n5. 熟练掌握C#/.NET/.net core 开发技术，熟练运用MVC、WCF、EF、LINQ、WEBAPI、AOP等相关技术；\n6. 扎实掌握 MySQL/MongoDB/Redis/GIT/消息队列/微服务等技术栈的使用和开发；\n7. 良好的编码和文档习惯,有技术热情和较强的学习能力，以及良好的沟通能力、抗压能力和团队协作能力；'], ['.NET开发工程师', '工作要求: \n1. 本科及以上学历，计算机相关专业，三年以上服务端研发经验；\n2. 具有独立开发和维护项目的经验；\n3. 熟悉Linux/Windows操作系统，能够熟练使用Nginx、Docker、IIS进行跨平台部署；\n4. 熟悉多进程、多线程等并发模型，有相关并发编程经验；有分布式系统的设计和开发经验；\n5. 熟练掌握C#/.NET/.net core 开发技术，熟练运用MVC、WCF、EF、LINQ、WEBAPI、AOP等相关技术；\n6. 扎实掌握 MySQL/MongoDB/Redis/GIT/消息队列/微服务等技术栈的使用和开发；\n7. 良好的编码和文档习惯,有技术热情和较强的学习能力，以及良好的沟通能力、抗压能力和团队协作能力；']]"
158,2,"[['.net开发工程师', '工作要求:\n1. 基于微软Dynamics CRM平台下进行.NET项目开发经验\n2. CRM系统功能模块的设计和开发经验\n3. 运维问题的处理和修复经验\n4. 大专及以上学历\n5. 1-2年以上CRM项目实施和开发经验\n6. 良好的团队合作精神\n7. 熟悉 .Net, .NET Core, Vue, JavaScript, EF, Web API, WebService等\n8. 熟悉 SQLServer, MySql 等数据库开发、部署、性能优化能力\n9. 微软CRM等大中型网站系统架构设计及开发经验\n10. 大型项目经验, 能够独立完成开发任务\n11. 良好的学习能力\n12. 团队协作能力\n13. 善于与人沟通\n14. 对工作认真负责\n15. 能够承担一定工作压力'], ['dynamics crm开发', '工作要求:\n1. 基于微软Dynamics CRM平台下进行.NET项目开发经验\n2. CRM系统功能模块的设计和开发经验\n3. 运维问题的处理和修复经验\n4. 大专及以上学历\n5. 1-2年以上CRM项目实施和开发经验\n6. 良好的团队合作精神\n7. 熟悉 .Net, .NET Core, Vue, JavaScript, EF, Web API, WebService等\n8. 熟悉 SQLServer, MySql 等数据库开发、部署、性能优化能力\n9. 微软CRM等大中型网站系统架构设计及开发经验\n10. 大型项目经验, 能够独立完成开发任务\n11. 良好的学习能力\n12. 团队协作能力\n13. 善于与人沟通\n14. 对工作认真负责\n15. 能够承担一定工作压力']]"
167,2,"[['.net C#开发', '工作要求:\n1. 熟悉Winform开发\n2. 具有Web开发经验\n3. 了解MVC架构'], ['开发', '工作要求：\n\n1. 至少3年工作经验\n2. 丰富的软件开发和实施项目业务分析经验，了解和遵循软件开发生命周期方法论和最佳实践\n3. 强的沟通能力，能够远程独立工作\n4. 曾参与企业系统集成项目，涉及ERP或会计系统\n5. 良好的口语英语，优秀的书面英语\n6. 具有原型设计软件经验，如Axure RP或Balsamiq\n7. 基本SQL技能，展示了对Web应用程序平台和相关技术栈的基本理解\n8. 渴望学习和理解客户的业务和运营\n9. 最低STEM或会计/金融专业学士学位\n\n优先考虑的附加技能：\n\n1. 金融/会计/税务知识是加分项\n2. Python或R语言知识是优先考虑的\n3. 机器人自动化工具工作经验是加分项\n4. 对大数据和图像处理的理解']]"
182,2,"[['大数据平台开发工程师', '工作要求：\n\n1. 计算机、数学相关专业，本科以上学历；\n2. 5年以上开发经验，其中3年以上大数据架构或相关工作经验；\n3. 有大型零售大数据、电商平台系统设计和架构经验hadoop平台开发经验；\n4. 熟悉Hadoop生态圈其他系统，包括Hive，Pig，HBase，Spark，Kafka，Oozie，Sqoop，Flume，ZooKeeper, Strom,FLink,并了解其原理；\n5. 具备大型复杂Hadoop数据平台的建设实施经验；\n6. 精通Java及Python,有架构设计能力和良好的编码习惯；\n7. 能够承受一定工作压力，有团队合作精神。'], ['大数据平台架构师', '工作要求：\n\n1. 计算机、数学相关专业，本科以上学历；\n2. 5年以上开发经验，其中3年以上大数据架构或相关工作经验；\n3. 有大型零售大数据、电商平台系统设计和架构经验hadoop平台开发经验；\n4. 熟悉Hadoop生态圈其他系统，包括Hive，Pig，HBase，Spark，Kafka，Oozie，Sqoop，Flume，ZooKeeper, Strom,FLink,并了解其原理；\n5. 具备大型复杂Hadoop数据平台的建设实施经验；\n6. 精通Java及Python,有架构设计能力和良好的编码习惯；\n7. 能够承受一定工作压力，有团队合作精神。']]"
211,5,"[['技术工程师', '工作要求：\n1. 本科及以上学历，计算机软件等相关专业；\n2. 具有2年及以上开发经验；\n3. 熟悉Oralce/SqlServer数据库开发，具有良好的数据库编程能力；\n4. 有ERP/WMS等系统接口开发和二次开发经验优先；\n5. 具备良好的沟通和团队协作能力，有较强的自主学习开发能力；\n6. 具有仓储物流系统工作经验优先录取 熟悉WMS系统。'], ['rpa工程师', '工作要求：\n1. 本科及以上学历\n2. uipath的开发和部署经验\n3. 日语可以交流'], ['资深python开发工程师', '工作要求：\n\n1. 本科及以上学历，计算机科学或相关领域。\n2. 5年以上Python编程经验，熟悉常用的数据处理和机器学习库。\n3. 3年以上NLP和大模型开发经验，有实际项目落地经验者优先。\n4. 熟悉深度学习框架如TensorFlow或PyTorch。\n5. 了解langchain框架或semantic kernel框架，了解向量数据库。\n6. 有良好的算法基础和数据结构知识。\n7. 良好的团队合作和沟通能力。'], ['编程老师', '工作要求：\n1. 本科及以上学历，硕士优先，毕业于985或211系统\n2. 至少五年以上相关工作经验\n3. 需具备丰富的编程教学经验，在此基础上有指导学生项目的经验\n4. 曾经带领学生在大赛中取得成绩者优先\n5. 在AI领域有一定的研究和探索，能够准确把握和引领行业的最新动态\n6. 精通全栈开发，具有较强的软件开发技能\n7. 能够很好地激发和引导学生的学习兴趣，以及进行创新性思维的培养'], ['rpa开发工程师', '工作要求：\n1. 计算机及相关专业毕业，本科及以上学历（若能力突出者可降低标准）\n2. 具备出色的沟通能力、具备独立的项目实施能力者优先\n3. 能够适应短期出差的工作安排']]"
258,2,"[['高级程序员', '工作要求：\n1. 精通.net平台，C#\n2. 3年以上后台开发工作经验\n3. 能独立开发后台及架构设计\n4. b/s、c/s框架均能搭建\n5. 有良好沟通能力，代码工整\n6. c/s框架，常使用抓包工具'], ['.NET', '工作要求:\n1. 精通.net开发框架与原理\n2. 精通网络开发\n3. 精通多线程开发\n4. 语言表达能力强\n5. 团队配合意识高\n6. 具有参与完成百万级项目的经验']]"
296,2,"[['.NET', '工作要求:\n1. 按照项目计划完成任务\n2. 按时提交代码\n3. 提交高质量的代码\n4. 完成开发任务'], ['Python', '工作要求：\n1. 精通熟练掌握python；\n2. 有充足的时间能保证完成需求任务；\n3. 远程办公，工作期间需保持联系畅通；\n4. 耐心负责，愿意长期合作。']]"
325,2,"[['Hadoop运维工程师', '工作要求:\n1. 熟悉Java/Scala/Python/C/C++中的一种或更多。\n2. 有完整的项目开发经验，有系统核心模块看护经验。\n3. 有大数据Hadoop/HBase/Spark/Sqoop/Oozie/Flume/Kafka/Flink/Storm/Hive/等开源大数据技术相关经验优先。\n4. 熟练掌握linux操作、shell脚本开发者优先。'], ['大数据开发工程师', '工作要求：\n1. 3年以上Java/Scala/Python/C/C++开发经验\n2. 熟悉Linux/Unix操作系统原来，熟练掌握常用设计模式\n3. 有分布式系统设计开发经验，能独立承担软件模块设计和开发工作\n4. 熟悉大数据相关组件Hadoop/HBase/Spark/Sqoop/Oozie/Flume/Kafka/Flink/Storm/Hive/Elasticsearch内核源码\n5. 系统性能调优和分布式架构经验优先\n6. 熟练掌握Spring MVC、容器等技术，理解SOA、微服务等关键理念与技术，并有实践应用经验\n7. 精通Java/Scala/Python/C/C++中的一种或多种\n8. 有完整的项目开发经验，具备系统核心模块看护经验\n9. 熟悉大数据基础知识，具有开源项目开发经验者优先']]"
366,5,"[['Hadoop开发工程师', '工作要求：\n1. 3年以上Hadoop及大数据生态圈实践经验，如Kafka/HBase/Impala/YARN/Spark等\n2. 熟悉spark streaming、storm等实时计算框架\n3. 深入了解分布式系统、大数据平台等高可用高弹性架构\n4. 有数据仓库项目经验，了解数据仓库相关理论知识\n5. 有ETL工具、Kettle的项目使用经验\n6. 熟悉Linux系统，具备shell、python等脚本开发能力\n7. 强烈的责任心和自我驱动意识，具备独立解决问题的能力\n8. 良好的团队合作精神和沟通能力'], ['Hadoop开发工程师', '工作要求：\n1. 3年以上Hadoop及大数据生态圈实践经验，如Kafka/HBase/Impala/YARN/Spark等\n2. 熟悉spark streaming、storm等实时计算框架\n3. 深入了解分布式系统、大数据平台等高可用高弹性架构\n4. 有数据仓库项目经验，了解数据仓库相关理论知识\n5. 有ETL工具、Kettle的项目使用经验\n6. 熟悉Linux系统，具备shell、python等脚本开发能力\n7. 强烈的责任心和自我驱动意识，具备独立解决问题的能力\n8. 良好的团队合作精神和沟通能力\n9. CET-6'], ['Hadoop开发工程师', '工作要求：\n1. 3年以上Hadoop及大数据生态圈实践经验，如Kafka/HBase/Impala/YARN/Spark等\n2. 熟悉spark streaming、storm等实时计算框架\n3. 深入了解分布式系统、大数据平台等高可用高弹性架构\n4. 有数据仓库项目经验，了解数据仓库相关理论知识\n5. 有ETL工具、Kettle的项目使用经验\n6. 熟悉Linux系统，具备shell、python等脚本开发能力\n7. 强烈的责任心和自我驱动意识，具备独立解决问题的能力\n8. 良好的团队合作精神和沟通能力'], ['Hadoop开发工程师', '工作要求：\n1. 3年以上Hadoop及大数据生态圈实践经验，如Kafka/HBase/Impala/YARN/Spark等\n2. 熟悉spark streaming、storm等实时计算框架\n3. 深入了解分布式系统、大数据平台等高可用高弹性架构\n4. 有数据仓库项目经验，了解数据仓库相关理论知识\n5. 有ETL工具、Kettle的项目使用经验\n6. 熟悉Linux系统，具备shell、python等脚本开发能力\n7. 强烈的责任心和自我驱动意识，具备独立解决问题的能力\n8. 良好的团队合作精神和沟通能力'], ['大数据开发工程师', '工作要求：\n1. 搭建基于Hadoop/HBASE/SPARK的大数据平台；\n2. 管理Hadoop/SPARK集群运行，稳定提供平台服务；\n3. 解决Hadoop/SPARK开发中技术难点；\n4. 解决实时计算相关问题，并根据业务场景设计实时计算流程架构并开发相关计算逻辑；\n5. 具有3年以上Hadoop及大数据生态圈实践经验，如Kafka/HBase/Impala/YARN/Spark等；\n6. 深入了解分布式系统、大数据平台等高可用高弹性架构；\n7. 有数据仓库项目经验，了解数据仓库相关理论知识；\n8. 有ETL工具、Kettle的项目使用经验；\n9. 熟悉Linux系统，具备shell、python等脚本开发能力；\n10. 强烈的责任心和自我驱动意识，具备独立解决问题的能力；\n11. 良好的团队合作精神和沟通能力。']]"
367,2,"[['.NET高薪跨平台兼职', '工作要求：\n1. 年龄：25-29岁\n2. 学历：计算机相关全日制本科\n3. 经验：5年以上 .NET 软件开发经验\n4. 技能：精通 MVC、.Net 7.0 架构、SOA 设计、低代码开发、跨平台 SaaS 开发、Linux 跨平台开发、Docker、K8S\n5. 能力：主导编写核心代码、提供关键技术预研和支持、整体考虑功能性及非功能性需求、开发复杂度、安全合规控制、性能等因素'], ['.NET低代码高薪跨平台兼职', '工作要求：\n1. 年龄：25-29岁\n2. 学历：计算机相关全日制本科\n3. 经验：5年以上 .NET 软件开发经验\n4. 技能：精通 MVC、.Net 7.0 架构、SOA 设计、低代码开发、跨平台 SaaS 开发、Linux 跨平台开发、Docker、K8S\n5. 能力：主导编写核心代码、提供关键技术预研和支持、整体考虑功能性及非功能性需求、开发复杂度、安全合规控制、性能等因素']]"
376,4,"[['大数据系统研发工程师', '工作要求：\n1. 具备扎实的计算机操作系统和网络基础知识\n2. 熟练掌握分布式系统的设计原理和实现方法\n3. 熟悉大数据生态的关键技术\n4. 掌握HDFS、HBase、YARN、Hive、Spark、Flink、Trino、StarRocks等一种或者多种基础服务组件的内部实现原理并熟悉源码\n5. 熟练掌握Java编程语言\n6. 有用Java参与大型项目开发的实践经验\n7. 熟悉C/C++编程语言者更佳\n8. 有较强的学习能力\n9. 有良好的团队合作精神\n10. 善于沟通和交流'], ['Hadoop系统研发工程师', '工作要求：\n1. 具备扎实的计算机操作系统和网络基础知识，熟练掌握分布式系统的设计原理和实现方法，熟悉Hadoop生态的关键技术。\n2. 具有Apache社区版Hadoop系统的优化和维护实践经验，同时熟悉CDH或HDP更佳，掌握HDFS、YARN、MapReduce、Spark、Hive、HBase、Kafka等一种或者多种基础组件的内部实现原理并熟悉源码。\n3. 熟练掌握Java编程语言，有用Java参与大型项目开发的实践经验，同时熟悉C/C++编程语言者更佳。\n4. 有较强的学习能力，有良好的团队合作精神，善于沟通和交流。'], ['Hadoop系统研发工程师', '工作要求：\n1. 具备扎实的计算机操作系统和网络基础知识\n2. 熟练掌握分布式系统的设计原理和实现方法\n3. 熟悉Hadoop生态的关键技术\n4. 具有Apache社区版Hadoop系统的优化和维护实践经验\n5. 熟悉CDH或HDP\n6. 掌握HDFS、YARN、MapReduce、Spark、Hive、HBase、Kafka等一种或者多种基础组件的内部实现原理\n7. 熟悉源码\n8. 熟练掌握Java编程语言\n9. 有用Java参与大型项目开发的实践经验\n10. 熟悉C/C++编程语言\n11. 有较强的学习能力\n12. 有良好的团队合作精神\n13. 善于沟通和交流'], ['大数据系统研发工程师', '工作要求：\n1. 具备扎实的计算机操作系统和网络基础知识\n2. 熟练掌握分布式系统的设计原理和实现方法\n3. 熟悉大数据生态的关键技术\n4. 掌握HDFS、HBase、YARN、Hive、Spark、Flink、Trino、StarRocks等一种或者多种基础服务组件的内部实现原理并熟悉源码\n5. 熟练掌握Java编程语言\n6. 有用Java参与大型项目开发的实践经验\n7. 熟悉C/C++编程语言者更佳\n8. 有较强的学习能力\n9. 有良好的团队合作精神\n10. 善于沟通和交流']]"
378,2,"[['Hadoop', '工作要求：\n\n1. 计算机或相关专业本科及以上学历。\n2. 思维活跃，熟悉Hadoop生态子系统（至少一个），精读过源代码者尤佳，所开发代码被开源社区接受者尤佳。\n3. 优秀的设计与编码能力，工程质量自我要求高，针对业务需求与问题，可快速设计与实现解决方案。\n4. 很强的问题分析与解决能力，强烈的责任心，对工作有激情，良好的沟通能力。'], ['大数据架构工程师', '工作要求：\n\n1. 计算机或相关专业本科及以上学历；\n2. 思维活跃，熟悉 Hadoop 生态子系统（至少一个），精读过源代码者尤佳，所开发代码被开源社区接受者尤佳；\n3. 优秀的设计与编码能力，工程质量自我要求高，针对业务需求与问题，可快速设计与实现解决方案；\n4. 很强的问题分析与解决能力，强烈的责任心，对工作有激情，良好的沟通能力。']]"
383,2,"[['实时计算开发工程师', '工作要求：\n1. 本科以上，计算机相关专业；\n2. 五年以上大数据研发经验\n3. 熟悉主流大数据技术，如Flink，Kafka，Hadoop、Spark、Hive、Tez、Presto、Hbase等\n4. Java/Scala编程背景，有丰富的进程间通信\\高并发\\多线程研等研发经验\n5. 熟悉Linux底层操作系统，能独立管理并快速搭建大数据相关运行环境\n6. 有大规模集群管理、运维、优化迁移经验的优先\n7. 参与Apche开源社区技术攻坚，有源码贡献者优先'], ['Hadoop架构师', '工作要求：\n1. 本科以上，计算机相关专业；\n2. 五年以上大数据研发经验\n3. 熟悉主流大数据技术，如Hadoop、Spark、Hive、Tez、Presto、Hbase等\n4. Java/Scala编程背景，有丰富的进程间通信\\高并发\\多线程研等研发经验\n5. 熟悉Linux底层操作系统，能独立管理并快速搭建大数据相关运行环境\n6. 有大规模集群管理、运维、优化迁移经验的优先\n7. 参与Apche开源社区技术攻坚，有源码贡献者优先']]"
401,2,"[['paas平台研发工程师', '工作要求：\n1. 本科及以上学历，通信/计算机等相关专业。\n2. 熟悉大数据相关组件二次开发、搭建、应用、优化，如：Hadoop/Spark/Yarn/Hive/Kafka/Hbase/Kerberos/Flink/Mysql等。\n3. 扎实的计算机基础，掌握常用的数据结构及算法，熟练掌握Java/Golang/Scala/Python中的一项或多项。\n4. 愿意承担部分运维职责，熟悉Apache Hadoop部署、性能调优。\n5. 能阅读/理解Hadoop等相关开源组件源码。\n6. 较强的人际关系能力，有团队精神、较强的执行与推动能力，有一定抗压力。'], ['大数据平台开发运维工程师', '工作要求：\n1. 本科及以上学历，通信/计算机等相关专业。\n2. 熟悉大数据相关组件二次开发、搭建、应用、优化，如：Hadoop/Spark/Yarn/Hive/Kafka/Hbase/Kerberos/Flink/Mysql等。\n3. 有容器化和对象存储经验者优先。\n4. 扎实的计算机基础，掌握常用的数据结构及算法，熟练掌握Java/Golang/Scala/Python中的一项或多项。\n5. 愿意承担部分运维职责，熟悉Apache Hadoop部署、性能调优。\n6. 能阅读/理解Hadoop等相关开源组件源码。\n7. 较强的人际关系能力，有团队精神、较强的执行与推动能力，有一定抗压力。']]"
404,4,"[['推荐系统开发工程师', '工作要求：\n\n1. 对数据结构和算法设计有较为深刻的理解\n2. 熟悉java/c++等开发语言，至少精通其中一种\n3. 熟悉大规模高并发处理、分布式存储等互联网后端开发技术\n4. 熟悉Hive/Hadoop/pig等大数据分析工具\n5. 熟悉Shell/Python等脚本语言，善于分析日志，对数据有敏锐的洞察力\n6. 良好的团队合作精神，较强的沟通能力\n7. 主动性强，有很强的自我驱动力\n8. 有推荐，搜索或者广告相关工程实践经验优先\n9. 有大数据处理经验者优先\n10. 有流式计算工作经验者优先'], ['推荐系统Java开发工程师', '工作要求：\n\n1. 对数据结构和算法设计有较为深刻的理解\n2. 熟悉java/c++等开发语言，至少精通其中一种\n3. 熟悉大规模高并发处理、分布式存储等互联网后端开发技术\n4. 熟悉Hive/Hadoop/pig等大数据分析工具\n5. 熟悉Shell/Python等脚本语言，善于分析日志，对数据有敏锐的洞察力\n6. 良好的团队合作精神，较强的沟通能力\n7. 主动性强，有很强的自我驱动力\n8. 有推荐，搜索或者广告相关工程实践经验优先\n9. 有大数据处理经验者优先\n10. 有流式计算工作经验者优先'], ['推荐系统java研发工程师', '工作要求：\n\n1. 对数据结构和算法设计有较为深刻的理解\n2. 熟悉java/c++等开发语言，至少精通其中一种\n3. 熟悉大规模高并发处理、分布式存储等互联网后端开发技术\n4. 熟悉Hive/Hadoop/pig等大数据分析工具\n5. 熟悉Shell/Python等脚本语言，善于分析日志，对数据有敏锐的洞察力\n6. 良好的团队合作精神，较强的沟通能力\n7. 主动性强，有很强的自我驱动力\n8. 有推荐，搜索或者广告相关工程实践经验优先\n9. 有大数据处理经验者优先\n10. 有流式计算工作经验者优先'], ['推荐系统开发工程师Java', '工作要求：\n\n1. 对数据结构和算法设计有较为深刻的理解\n2. 熟悉java/c++等开发语言，至少精通其中一种\n3. 熟悉大规模高并发处理、分布式存储等互联网后端开发技术\n4. 熟悉Hive/Hadoop/pig/flink/Storm等大数据分析工具\n5. 熟悉Shell/Python等脚本语言，善于分析日志，对数据有敏锐的洞察力\n6. 良好的团队合作精神，较强的沟通能力\n7. 主动性强，有很强的自我驱动力\n8. 有推荐，搜索或者广告相关工程实践经验优先\n9. 有大数据处理经验者优先\n10. 有流式计算工作经验者优先']]"
420,2,"[['大数据开发工程师', '工作要求：\n1. 熟悉C/C++/JAVA/Scala中的一种或多种开发语言，一年以上项目开发经验；\n2. 具备良好的沟通协作能力；\n3. 具有大数据、数据湖、Spark、Flink等数据处理框架与技术实践开发经验者优先。'], ['大数据开发工程师', '工作要求：\n1. 熟悉C/C++/JAVA/Scala中的一种或多种开发语言，一年以上项目开发经验；\n2. 具备良好的沟通协作能力；\n3. 具有大数据、数据湖、Spark、Flink等数据处理框架与技术实践开发经验者优先。']]"
429,2,"[['大数据引擎研发工程师', '工作要求:\n1. 本科及以上学历，计算机专业优先，熟悉数据结构、算法、操作系统、网络等基础原理\n2. 精通Spark/Hadoop 生态和原理，具备大规模的大数据开发经验，有引擎源码经验和开源社区经验优先\n3. 精通Java 高性能后端服务开发，具备5年以上相关经验，打造过至少一款高性能高并发后端服务，具备云计算产品经验优先\n4. 具有很强的目标感、自驱力，优秀的跨团队协同能力，良好的的工程师素养，喜欢挑战并善于将事情做成'], ['云计算研发工程师', '工作要求:\n1. 本科及以上学历，计算机专业优先，熟悉数据结构、算法、操作系统、网络等基础原理\n2. 精通Spark/Hadoop 生态和原理，具备大规模的大数据开发经验，有源码经验和开源社区经验优先\n3. 精通Java 高性能后端服务开发，具备5年以上相关经验，打造过至少一款高性能高并发后端服务，具备云计算产品经验优先\n4. 具有很强的目标感、自驱力，优秀的跨团队协同能力，良好的的工程师素养，喜欢挑战并善于将事情做成']]"
434,2,"[['Alluxio 开发工程师', '工作要求：\n\n1. 熟悉 Java 语言和面向对象设计开发，熟悉多线程程序开发，对多线程技术、异步、并发有较深入理解；\n2. 熟悉分布式系统原理、RPC 以及消息中间件原理，具备大容量后台开发经验；\n3. 熟悉常用的数据结构与算法，对设计模式、软件工程等有较深入的理解；\n4. 有良好的英文阅读能力和探索精神，善于发现业界及学术界前沿技术，并懂得改良运用落地；\n5. 具备良好的学习能力和分析解决问题的能力，具备激情，和良好的沟通能力，高度责任心和团队合作精神；\n6. 有参与开源社区开发经验优先；\n7. 有英语口语交流能力优先；\n8. 有 Alluxio，Hadoop，spark，Presto，Impala，Ceph，kubernetes 等分布式系统有内核开发或使用经验优先；'], ['分布式系统研发工程师', '工作要求：\n1. 熟悉 Java 语言和面向对象设计开发，熟悉多线程程序开发，对多线程技术、异步、并发有较深入理解；\n2. 熟悉分布式系统原理、RPC 以及消息中间件原理，具备大容量后台开发经验；\n3. 熟悉常用的数据结构与算法，对设计模式、软件工程等有较深入的理解；\n4. 有良好的英文阅读能力和探索精神，善于发现业界及学术界前沿技术，并懂得改良运用落地；\n5. 具备良好的学习能力和分析解决问题的能力，具备激情，和良好的沟通能力，高度责任心和团队合作精神；\n6. 有参与开源社区开发经验优先；\n7. 有英语口语交流能力优先；\n8. 有 hdfs，ozone，Alluxio，spark，Presto，Impala，Ceph，kubernetes 等分布式系统有内核开发或使用经验优先；']]"
437,2,"[['软件开发工程师', '工作要求:\n1. 负责架构方案设计\n2. 负责软件实现\n3. 支撑特性落地\n4. 参与产品领域技术竞争力构建\n5. 构筑差异化竞争力\n6. 支撑基础软件产品领域的根技术构建及落地'], ['软件开发工程师', '工作要求：\n1. 开发电脑端串口数据通信软件\n2. 数据处理图形显示软件开发能力']]"
440,2,"[['腾讯云大数据开发', '工作要求：\n1. 计算机、通信等相关专业，本科及以上学历\n2. 3年以上大型互联网产品或分布式系统开发设计经验\n3. 扎实的java编程基础，熟悉Spring等开源框架，熟悉Java内存模型、多线程、NIO、类加载等\n4. 有Hadoop、hbase、Storm、spark、TensorFlow等使用经验者优先\n5. 有大数据产品研发经验的优先\n6. 对企业级或云厂商大数据组件平台有比较多了解，有相关开发管理经验者优先'], ['腾讯云高级大数据研发工程师', '工作要求：\n1. 计算机、通信等相关专业，本科及以上学历\n2. 3年以上大型互联网产品或分布式系统开发设计经验\n3. 扎实的java编程基础，熟悉Spring等开源框架，熟悉Java内存模型、多线程、NIO、类加载等\n4. 有Hadoop、hbase、Storm、spark、TensorFlow等使用经验者优先\n5. 有大数据产品研发经验的优先\n6. 对企业级或云厂商大数据组件平台有比较多了解，有相关开发管理经验者优先']]"
441,2,"[['大数据开发工程师', '工作要求：\n1. 熟悉大数据架构和hadoop生态\n2. 能搭建大数据环境，做大数据开发\n3. 能做数据仓库设计及开发，ETL数据开发\n4. 兼职按照时薪100-150计算，远程开发，合作好\n5. 白天有充裕时间，能远程配合后端人员一起干活'], ['大数据开发工程师', '工作要求:\n1. 负责数据仓库架构设计\n2. 负责大数据处理模块架构设计\n3. 负责数据仓库开发\n4. 负责大数据处理模块开发']]"
447,2,"[['hadoop系统研究员', '工作要求：\n\n1. 统招本科及以上学历，计算机/电子/通信相关专业，2年以上相关经验；\n2. 熟悉主流发行版Linux操作系统（Red Hat、CentOS和Ubuntu等），包括但不限于Shell、系统参数、底层技术细节；\n3. 熟练掌握至少一门编程语言，最好是Java或Python；\n4. 熟悉Hadoop、Hive、Spark、Flink、Presto、Hbase、Kafka、ElasticSearch、Druid的底层原理和使用；\n5. 具备良好的问题分析解决能力，有较强的学习能力和逻辑思维能力，熟练阅读英文文档。'], ['hadoop系统研究员', '工作要求：\n\n1. 统招本科及以上学历，计算机/电子/通信相关专业，2年以上相关经验；\n2. 熟悉主流发行版Linux操作系统（Red Hat、CentOS和Ubuntu等），包括但不限于Shell、系统参数、底层技术细节；\n3. 熟练掌握至少一门编程语言，最好是Java或Python；\n4. 熟悉Hadoop、Hive、Spark、Flink、Presto、Hbase、Kafka、ElasticSearch、Druid的底层原理和使用；\n5. 具备良好的问题分析解决能力，有较强的学习能力和逻辑思维能力，熟练阅读英文文档。']]"
453,2,"[['大数据开发工程师（华为OD-深圳/全国）', '工作要求：\n1. 统招全日制本科或以上学历（学信可查，双证齐全），有大数据开发或分析相关经验；\n2. 熟练掌握Java、Scala、C、C++、python等主流开发语言的一种；\n3. 了解常见的大数据开发工具。'], ['大数据开发工程师（东莞/深圳）', '工作要求：\n1. 统招全日制本科或以上学历（学信可查，双证齐全），有大数据开发或分析相关经验；\n2. 熟练掌握Java、Scala、C、C++、python等主流开发语言的一种；\n3. 了解常见的大数据开发工具。']]"
455,2,"[['大规模集群资源调度工程师', '工作要求：\n1. 熟练使用至少一门编程语言，如Java、Python 或者 Go；\n2. 计算机基础知识扎实，具备良好的问题分析和解决能力，有团队合作精神和沟通能力；\n3. 熟悉Hadoop相关生态者，如YARN、HDFS、Spark、Flink等。\n优先条件：\n1. 具备大规模集群管理和资源调度的实践经验者优先；\n2. 熟悉Kubernetes生态者优先。'], ['大规模集群资源调度工程师', '工作要求：\n1. 熟练使用至少一门编程语言，如Java、Python 或者 Go；\n2. 计算机基础知识扎实，具备良好的问题分析和解决能力，有团队合作精神和沟通能力；\n3. 熟悉Hadoop相关生态者，如YARN、HDFS、Spark、Flink等。\n优先条件：\n1. 具备大规模集群管理和资源调度的实践经验者优先；\n2. 熟悉Kubernetes生态者优先。']]"
462,2,"[['Hadoop高级开发工程师', '工作要求：\n\n1. 计算机或相关专业本科以上学历（3年以上工作经验）\n2. 熟悉C++/Java/Scala程序开发（至少一种），熟悉Linux/Unix开发环境\n3. 熟悉HBase分布式项目及工作原理，有HBase底层源码贡献或阅读者优先\n4. 有大规模分布式系统开发、维护经验，有故障处理能力\n5. 具有良好的沟通协作能力，具有较强的分享精神\n6. 对Spark\\Hive\\Oozie\\等系统有深入使用和底层研究者加分'], ['Hadoop 源码开发工程师', '工作要求：\n1. 计算机或相关专业本科以上学历（3年以上工作经验）\n2. 熟悉C++/Java/Scala程序开发（至少一种），熟悉Linux/Unix开发环境\n3. 熟悉HBase分布式项目及工作原理，有HBase底层源码贡献或阅读者优先\n4. 有大规模分布式系统开发、维护经验，有故障处理能力\n5. 具有良好的沟通协作能力，具有较强的分享精神\n6. 对Spark\\Hive\\Oozie\\等系统有深入使用和底层研究者加分']]"
465,2,"[['数据平台开发工程师（安全方向）', '工作要求：\n1. 本科及以上学历，计算机相关专业，3年以上的工作经验\n2. 精通Java/scala/python中的一门或以上的编程语言，熟悉Springboot/springcloud/Flask等一种或多种开发框架\n3. 熟悉hadoop技术体系，精通Spark/Flink/Beam中一种或多种计算引擎\n4. 具备大型数据平台设计、开发的经验者优先\n5. 有数据安全背景、熟悉docker、kubernetes等技术者优先'], ['数据平台开发工程师', '工作要求：\n1. 本科及以上学历，计算机相关专业，3年以上的工作经验\n2. 精通Java/scala/python中的一门或以上的编程语言，熟悉Springboot/springcloud/Flask等一种或多种开发框架\n3. 熟悉hadoop技术体系，精通Spark/Flink/Beam中一种或多种计算引擎\n4. 具备大型数据平台设计、开发的经验者优先\n5. 有数据安全背景、熟悉docker、kubernetes等技术者优先']]"
468,2,"[['基础架构部_分布式系统研发工程师', '工作要求：\n1. 精通Java或C++，熟悉网络编程和多线程编程技术\n2. 精通数据结构和算法，有较强的算法分析和工程实现能力\n3. 熟悉分布式系统设计，有大规模系统设计和工程实现的经验\n4. 良好的团队合作，较强的沟通能力，对解决具有挑战性问题充满激情\n5. (优先) hadoop/Spark/Flink系统研发经验，或者其他分布式计算的实践经验\n6. (优先) HDFS等分布式存储系统的实践经验'], ['Hadoop/Spark引擎研发', '工作要求:\n1. 精通Java或C++\n2. 精通网络编程和多线程编程技术\n3. 精通数据结构和算法，有极强的算法分析和工程实现能力\n4. 熟悉分布式系统设计范型，有大规模系统设计和工程实现的经验\n5. 良好的团队合作，较强的沟通能力，对解决具有挑战性问题充满激情\n6. 2+年hadoop系统研发经验\n7. 有大型互联网服务的设计和开发经验（优先）']]"
476,2,"[['大数据讲师', '工作要求：\n1. 精通大数据技术体系，具有3年以上相关项目开发经验，能解决核心技术问题，具备项目架构和设计能力。\n2. 熟悉常用通信协议，熟练使用Django等Web框架。\n3. 有良好的沟通表达能力，强大的逻辑思维能力。\n4. 熟练应用Python科学计算相关支持库完成数据分析。\n5. 有Spark、TensorFlow机器学习相关经验优先。\n6. 有培训或授课工作经验优先。'], ['Spark引擎架构师-非数仓岗', '工作要求：\n1. 扎实的编程功底\n2. 有Spark、Hive、Presto等开源系统源码分析经验、bug修复或者打patch经验者\n3. 有海量数据计算集群开发经验者\n4. 有强烈的求知欲、好奇心和进取心，对工作充满热情，喜欢钻研技术，有独立探索技术的能力']]"
490,2,"[['大数据架构或研发', '工作要求：\n\n1. 本科及以上学历，计算机或数学相关专业；\n2. 3年以上大数据相关项目经验；\n3. 熟悉hadoop、flink、hive、spark、Kafka、Hbase、Sqoop、datax、Hudi、Kudu、Clickhouse等计算引擎和存储引擎；\n4. 英语良好；\n5. 优秀的团队协作、解决问题的能力；\n6. 自我驱动意识优，善于发现问题和自行推进、总结、汇报；\n7. 团队协作和服从意识强'], ['大数据平台架构及研发', '工作要求：\n\n1. 本科及以上学历，计算机或数学相关专业；\n2. 3年以上大数据相关项目经验；\n3. 熟悉hadoop、flink、hive、spark、Kafka、Hbase、Sqoop、datax、Hudi、Kudu、Clickhouse等计算引擎和存储引擎；\n4. 英语良好；\n5. 优秀的团队协作、解决问题的能力；\n6. 自我驱动意识优，善于发现问题和自行推进、总结、汇报；\n7. 团队协作和服从意识强']]"
491,2,"[['大数据开发工程师', '工作要求: \n1. 熟悉 Hadoop YARN 的架构和原理\n2. 熟悉常用大数据开源组件\n3. 掌握常用的数据结构与算法\n4. 有其他调度系统(如：Kubernetes 、Mesos 等)开发经验优先\n5. 有大规模集群优化经验优先\n6. 有参与开源社区的经验优先'], ['Hadoop Yarn源码开发(Java语言)', '工作要求：\n1. 深入理解Hadoop或云原生生态，拥有离在线混部经验与开源社区的贡献者优先。\n2. 五年以上的Java语言经验，有独立解决各种系统问题的能力。\n3. 了解行业资源调度相关的开源项目或系统，譬如YARN、Kubernetes、Mesos、Borg、Omega。参与过相关开发优先。\n4. 对Linux系统以及容器技术有深入的理解，譬如cgroups、namespace、LXC、Docker等。\n5. 较强的沟通能力和逻辑能力，具备良好的团队合作精神和主动意识，良好的自我驱动和学习能力。']]"
492,5,"[['Hadoop', '工作要求: \n1. 掌握Hadoop技术\n2. 掌握Spark技术\n3. 掌握数据可视化技术\n4. 掌握算法数据挖掘技术\n5. 掌握Zebra技术\n6. 掌握HBase技术'], ['Hadoop', '工作要求：\n1. 不限工作时段\n2. 全周轮班\n3. 日结'], ['Hadoop Admin', '工作要求:\n1. 负责腾讯云Hadoop的安装、部署和配置\n2. 具有腾讯云大数据流应用知识\n3. 帮助生产环境的部署和脚本编写\n4. 具有Hadoop Admin和安全管理知识\n5. 能够理解相关代码，但不负责代码开发和bug修复\n6. 能够在故障时定位代码异常\n7. 具有腾讯EMR Ozzie和Zookeeper知识'], ['Hadoop', '工作要求: \n1. 搭建数据湖\n2. 实现数据中台\n3. 使用Kappa架构'], ['Hadoop', '工作要求: \n1. 具有大数据、分布式存储、安卓驱动开发、HPC等解决方案的设计、开发验证经验。\n2. 具有项目拓展经验，能进行需求分析、方案设计等相关工作。']]"
501,2,"[['大数据后台开发工程师', '工作要求：\n\n1. 本科及以上学历，计算机相关专业，3年以上相关工作经验;\n2. 熟悉 Linux 开发环境，精通Java/Golang/C++一种或多种编程语言\n3. 扎实的数据结构，算法和编程功底，有良好的编程习惯和风格;\n4. 精通SQL操作，具有MySQL/Oracle/SQLServer一种或多种关系数据库开发经验；\n5. 熟悉TCP/IP协议栈，具有TCP/UDP网络编程相关经验;\n6. 熟悉或使用过Hadoop、HBase、Spark、Hive、Storm、Flink、ElasticSearch等开源大数据套件者优先\n7. 熟悉或使用过HDFS，Ceph等分布式文件系统者优先\n8. 熟悉K8S和Docker等容器技术者优先;\n9. 优秀的分析问题、解决问题能力和团队合作意识、有良好的责任心、善于沟通、工作上能自主驱动、用于接受挑战、富有创新精神;\n10. 通过腾讯云技术认证或同等资格认证的优先录取'], ['流计算开发', '工作要求：\n\n1. 本科及以上学历，计算机相关专业，3年以上相关工作经验；\n2. 熟悉 Linux 开发环境，精通Java/Golang/C++一种或多种编程语言；\n3. 扎实的数据结构，算法和编程功底，有良好的编程习惯和风格；\n4. 有SQL引擎优化开发，比如Apache Calcite/SparkSQL/Beam等项目经验者优先；\n5. 熟悉TCP/IP协议栈，具有TCP/UDP网络编程相关经验；\n6. 熟悉Flink计算引擎底层原理、有Flink内核或者Connector开发经验者优先；\n7. 在Flink社区有代码提交者或者Committer者优先；\n8. 熟悉K8S和Docker等容器技术者优先；\n9. 优秀的分析问题、解决问题能力和团队合作意识、有良好的责任心、善于沟通、工作上能自主驱动、用于接受挑战、富有创新精神；\n10. 通过腾讯云技术认证或同等资格认证的优先录取，通过腾讯云从业资格证或同等资格认证的优先录取。']]"
504,2,"[['OLAP引擎研发工程师', '工作要求:\n1. 计算机、电子信息或相关专业本科及以上学历；\n2. 在互联网公司有过3年以上的大规模分布式计算架构设计经验；\n3. 良好的逻辑思维能力，善于发现和推理，能快速掌握开源中间件内核原理，并解决业务问题；\n4. 需要候选人有大规模Trino或Doris系统的源码优化经验，培养方向为大数据即席查询引擎专家。'], ['OLAP引擎研发工程师（双休/大厂）', '工作要求：\n1. 计算机、电子信息或相关专业硕士及以上学历；\n2. 在互联网公司有过3年以上的大规模分布式计算架构设计经验；\n3. 良好的逻辑思维能力，善于发现和推理，能快速掌握开源中间件内核原理，并解决业务问题；\n4. 需要候选人有大规模Trino或Doris系统的源码优化经验，培养方向为大数据即席查询引擎专家。']]"
531,2,"[['Hadoop', '工作要求：\n\n【招聘岗位1】：\n1. 精通Java/Scala/Shell/C/C++一种以上编程语言\n2. 大数据相关经验优先，包含但不限于Hadoop/Spark/HBase/Solr/Hive等开源大数据技术\n\n【招聘岗位2】：\n1. 至少熟悉一个数据库（oracle、db2，mysql等）的运维操作\n2. 至少阅读过一个数据库内核的代码，并开发或增量开发过至少一个模块的代码\n3. 至少熟悉C或C++或Java中的一个语言\n4. 熟悉数据库内部优先\n\n【招聘岗位4】：\n1. 精通Java /Scala/Shell/C/C++一种以上编程语言\n2. 有大数据技术相关经验者优先，包括但不限于Hadoop/Hive/Spark/HBase/Solr\n3. 熟悉数据库领域基本理论，有数据仓库开发经验优先\n4. 有数据挖掘、机器学习、人工智能经验者优先\n5. 掌握软件测试的基本方法\n6. 有性能、可靠性测试经验者优先\n7. 有分布式系统或大数据软件经验优先\n\n【招聘岗位5】：\n1. 本科学历要求至少3年及以上售前咨询顾问经验，研究生及以上学历要求2年及以上相关经验\n2. 了解主流的数据库、BI、数据仓库、数据挖掘产品\n3. 具有出色的表达沟通能力和售前讲解能力\n4. 具备较强的不断学习能力\n5. 有分布式计算构架、Hadoop、NoSQL的相关设计经验，部署和管理等经验优先\n6. 对数据挖掘算法熟悉并有实践经验的优先\n7. 熟悉银行行业IT信息化系统'], ['Hadoop', '工作要求：\n\n【招聘岗位1】：\n1. 精通Java/Scala/Shell/C/C++一种以上编程语言\n2. 大数据相关经验优先，包含但不限于Hadoop/Spark/HBase/Solr/Hive等开源大数据技术\n\n【招聘岗位2】：\n1. 至少熟悉一个数据库（oracle、db2，mysql等）的运维操作\n2. 至少阅读过一个数据库内核的代码，并开发或增量开发过至少一个模块的代码\n3. 至少熟悉C或C++或Java中的一个语言\n4. 熟悉数据库内部优先\n\n【招聘岗位4】：\n1. 精通Java /Scala/Shell/C/C++一种以上编程语言\n2. 有大数据技术相关经验者优先，包括但不限于Hadoop/Hive/Spark/HBase/Solr\n3. 熟悉数据库领域基本理论，有数据仓库开发经验优先\n4. 有数据挖掘、机器学习、人工智能经验者优先\n5. 掌握软件测试的基本方法\n6. 有性能、可靠性测试经验者优先\n7. 有分布式系统或大数据软件经验优先\n\n【招聘岗位5】：\n1. 本科学历要求至少3年及以上售前咨询顾问经验，研究生及以上学历要求2年及以上相关经验\n2. 了解主流的数据库、BI、数据仓库、数据挖掘产品\n3. 具有出色的表达沟通能力和售前讲解能力\n4. 具备较强的不断学习能力\n5. 有分布式计算构架、Hadoop、NoSQL的相关设计经验，部署和管理等经验优先\n6. 对数据挖掘算法熟悉并有实践经验的优先\n7. 熟悉银行行业IT信息化系统']]"
547,2,"[['大数据高级开发工程师', '工作要求：\n\n1. 本科及以上学历，计算机科学与技术相关专业，具备扎实的计算机基础和数据结构与调优功底；\n2. 对Hadoop/Spark/Flink/Presto/doris等开源组件，有大规模分布式系统的研发和优化经验；\n3. 定制开发spark底层组件,持续优化spark IO和运算的性能\n4. 5年以上java开发经验, 熟悉python和c++\n5. 3年以上大数据平台和数据湖开发经验,熟悉kafka, spark, elasticsearch，flink等系统的架构'], ['大数据开发工程师', '工作要求：\n1. 本科及以上学历，计算机科学与技术相关专业\n2. 具备扎实的计算机基础和数据结构与调优功底\n3. 对Hadoop/Spark/Flink/Presto/doris等开源组件，有大规模分布式系统的研发和优化经验\n4. 熟悉SQL引擎内核优化\n5. 熟悉数据存储、以及索引技术\n6. 精通scala/Java编程语言']]"
557,2,"[['软件开发工程师', '工作要求：\n1. 良好的计算机、软件工程等专业领域基础知识\n2. 云计算、大数据、数据库、数仓建模等相关领域开发维护相关经验\n3. 工作思路清晰，较好的沟通能力和技术学习能力，拥有良好的编码习惯，有很强的自学能力和自我提高的愿望\n4. 精通 JAVA 、 C、C++、 PYTHON 、JAVASCRIPT 等编程语言中的其中的一种\n5. 熟练 SQL 开发，精通 MYSQL 等关系型数据库\n6. 有相关数据治理经验，熟悉数据架构、数据标准、数据质量、元数据、数据服务等一项或多项\n7. 有大数据内核hive、spark、flink、hbase等开发经验'], ['大数据开发工程师', '工作要求：\n1. 至少精通 JAVA 、 C ++、 PYTHON 中的一种，熟练 SQL 开发，精通 MYSQL 等关系型数据库；\n2. 有相关数据治理经验，熟悉数据架构、数据标准、数据质量、元数据、数据服务等一项或多项，参与过数\n3. 具备良好的计算机、软件工程等专业领域基础知识；\n4. 具备云计算、大数据、数据库、数仓建模等相关领域开发维护相关经验；\n5. 工作思路清晰，较好的沟通能力和技术学习能力，拥有良好的编码习惯，有很强的自学能力和自我提高的愿望；']]"
566,2,"[['大数据运维', '工作要求：\n1. 负责公司大数据集群的运维工作\n2. 负责大数据稳定性体系建设\n3. 负责大数据的 SLO 体系建设\n4. 负责大数据管理平台和智能运维平台的开发\n5. 两年以上大数据相关运维经验\n6. 深入理解Linux系统，运维体系结构\n7. 精于容量规划、架构设计、性能优化\n8. 熟悉Hadoop生态常用组件的部署、扩容缩容、性能优化，问题排查\n9. 熟练使用Shell及Python，并有一定开发经验'], ['Python开发助理工程师', '工作要求：\n1. 了解RPA的价值和特点\n2. 参与RPA核心引擎的设计与开发\n3. 设计和开发网络爬虫系统\n4. 解决技术疑难问题\n5. 参与系统框架优化、性能优化、系统重构等工作\n6. 协助人工智能相关算法验证和优化']]"
601,2,"[['大数据实时计算平台研发工程师', '工作要求：\n\n1. 一年以上 Java 开发经验\n2. 思维逻辑清晰\n3. 最好有实时计算、微服务、大数据、存储、数据库等系统的相关开发经验'], ['拼多多大数据实时计算平台研发工程师', '工作要求：\n\n1. 一年以上 Java 开发经验\n2. 思维逻辑清晰\n3. 最好有实时计算、微服务、大数据、存储、数据库等系统的相关开发经验']]"
615,8,"[['Python', '工作要求：\n1. 长期兼职\n2. 无要求工作时间\n3. 无限制工作时段\n4. 完工结算\n5. 能够与客服详细沟通\n6. 能够独立完成作品'], ['AI-agent开发工程师', '工作要求：\n1. 会一门编程语言，python/java或其他语言均可\n2. 具备一定的逻辑思维能力\n3. 做事认真\n4. 薪资面议，实习期结束后可转正\n5. 根据工作需求，收集可用的垂直细分领域/行业数据集\n6. 对各数据集，设计prompt，实现自动化回归性测试，充分挖掘AI能力\n7. 参与大模型训练调优'], ['Python', '工作要求:\n1. 程序分析能力\n2. 业务支撑能力'], ['Python', '工作要求:\n1.懂Python\n2.后台开发经验\n3.熟悉爬虫技术'], ['Python', '工作要求: \n1. 参与公司爬虫项目\n2. 完成数据爬取、清洗、存储与展示\n3. 使用ResNet50等模型\n4. 侵权检测，以图搜图等相关技术和算法'], ['Python', '工作要求:\n1. 参与需求分析\n2. 产品设计\n3. 功能开发'], ['Python', '工作要求:\n1. 拥有办公环境\n2. 独立开发能力\n3. 能根据客户需求自行分析需求细节\n4.懂相关知识，偏后端\n5. 每天至少5个小时进行云协作模式开发\n6. 签订合同，非月薪\n7. 弹性工作时间，不坐班，不加班'], ['Python', '工作要求:\n1. 负责产品线后台的设计和开发工作\n2. 三年以上的python后台实际开发经验\n3. 有独立负责某个项目或者某个模块的设计及开发经验\n4. 对高并发，多进程、多线程有良好的理解能力\n5. 有探索精神\n6. 有良好的沟通和协调能力']]"
637,2,"[['高级大数据java工程师', '工作要求：\n1. JAVA基础扎实，理解IO、多线程、集合等基础框架，对JVM原理有一定的了解；\n2. 5年及以上使用JAVA开发的经验，对于用过的开源框架，能了解到它的原理和机制；\n3. 对Hadoop技术生态体系，YARN、HDFS、Spark、Hive熟悉者优先；\n4. 对Kafka、Flink、Elasticsearch、Doris等开源大数据引擎熟悉者优先；\n5. 掌握多线程及高性能的设计与编码及性能调优；\n6. 学习能力强，适应能力好；具备耐心/细心的品质；\n7. 喜欢去看及尝试最新的技术，追求编写优雅的代码，从技术趋势和思路上能影响技术团队。'], ['高级大数据java工程师', '工作要求：\n1. JAVA基础扎实，理解IO、多线程、集合等基础框架，对JVM原理有一定的了解；\n2. 5年及以上使用JAVA开发的经验，对于用过的开源框架，能了解到它的原理和机制；\n3. 对Hadoop技术生态体系，YARN、HDFS、Spark、Hive熟悉者优先；\n4. 对Kafka、Flink、Elasticsearch、Doris等开源大数据引擎熟悉者优先；\n5. 掌握多线程及高性能的设计与编码及性能调优；\n6. 学习能力强，适应能力好；具备耐心/细心的品质；\n7. 喜欢去看及尝试最新的技术，追求编写优雅的代码，从技术趋势和思路上能影响技术团队。']]"
638,2,"[['大数据开发工程师', '工作要求：\n1. 计算机相关专业本科及以上学历、3年以上大数据相关工作经历。\n2. 精通Java开发体系及至少一种微服务框架，具有扎实的编程基础、优秀的编码能力、对代码质量有极致的追求。\n3. 精通Hadoop生态体系，深入理解大数据领域的数据采集、数据存储、计算引擎、质量管理、数据价值服务等。\n4. 熟悉python语言及基于python的web服务器端开发技术，2年以上的开发经验；熟悉Django/FLask至少一种主流Pythonweb服务器端系统框架。\n5. 熟悉常用的大数据框架及组件，如：Flume、Sqoop、Hdfs、Hive、Hbase、Es、Flink、Spark、Kafka、Rabbitmq等。\n6. 深入理解常用关系型及非关系型数据库的使用、原理，如：Mysql、Mongodb、influxdb等。\n7. 具有良好的系统化思考能力，沟通协作能力，抗压能力。'], ['Hadoop大数据工程师', '工作要求：\n1. 计算机相关专业本科及以上学历、3年以上大数据相关工作经历。\n2. 精通Java开发体系及至少一种微服务框架，具有扎实的编程基础、优秀的编码能力、对代码质量有极致的追求。\n3. 精通Hadoop生态体系，深入理解大数据领域的数据采集、数据存储、计算引擎、质量管理、数据价值服务等。\n4. 熟悉python语言及基于python的web服务器端开发技术，2年以上的开发经验；\n5. 熟悉常用的大数据框架及组件，如：Flume、Sqoop、Hdfs、Hive、Hbase、Es、Flink、Spark、Kafka、Rabbitmq等。\n6. 深入理解常用关系型及非关系型数据库的使用、原理，如：Mysql、Mongodb、influxdb等。\n7. 具有良好的系统化思考能力，沟通协作能力，抗压能力。']]"
647,2,"[['云侧大数据JAVA、Scala软件设计工程师', '工作要求：\n1. 统招本科及以上学历\n2. 5年以上java或scala项目开发经验，具备扎实的java或scala编程基础\n3. 熟练使用spark开发计算任务，有spark计算性能调优经验\n4. 熟悉hive 或 hbase 或 impala 等大数据存储引擎使用，具备较强的数据库设计经验和sql功底，有数据库性能调优经验\n5. 了解Hadoop生态的spark、HDFS、YARN的原理\n6. 具备良好的需求分析能力、技术架构设计能力，具备良好的文档撰写能力和语言表达能力\n7. 有团队合作和创新意识，敢于面对各种技术挑战'], ['云侧大数据JAVA、Scala软件设计工程师', '工作要求：\n1. 统招本科及以上学历，本科5年以上硕士3年以上\n2. java或scala项目开发经验，具备扎实的java或scala编程基础，熟悉J2EE体系结构\n3. 熟练使用spark开发计算任务，有spark计算性能调优经验\n4. 熟悉hive 或 hbase 或 impala 等大数据存储引擎使用，具备较强的数据库设计经验和sql功底，有数据库性能调优经验\n5. 了解Hadoop生态的spark、HDFS、YARN的原理\n6. 具备良好的需求分析能力、技术架构设计能力，具备良好的文档撰写能力和语言表达能力\n7. 有团队合作和创新意识，敢于面对各种技术挑战']]"
667,4,"[['Python开发工程师', '工作要求：\n1. Python基础扎实，3年以上的Python开发经验\n2. 熟悉或者了解PyUserInput、win32gui、win32com等类库\n3. 良好的代码规范和编写测试用例的习惯\n4. 良好的沟通理解能力\n5. 有自动化脚本开发经验优先，有爬虫软件开发经验优先'], ['Python开发工程师', '工作要求：\n1. 使用Python IDE开发工具开发桌面应用\n2. 和数据采集卡，无线传感器等硬件进行数据交互\n3. 开发信号分析相关计算程序'], ['Python开发工程师', '工作要求：\n1. 计算机或相关专业本科或本科以上学历\n2. 2 年以上程式语言开发经验\n3. 具备良好的编程思维与开发流程\n4. 具备英文阅读能力\n5. 工作责任心强，细致，耐心\n6. 具备精确的沟通与表达能力\n7. 具有良好的逻辑能力与组织能力\n8. 自我管理能力，能不断的进步与精进，奋力不懈'], ['Python开发工程师--实习生', '工作要求：\n1. 本科及以上学历，计算机或人工智能相关专业；\n2. 大学2年以上Python使用经验；\n3. 对AI行业有工作意愿及研究动力。']]"
675,3,"[['大数据开发工程师', '工作要求：\n1. 掌握Java/Scala/Python/C/C++语言，熟悉Linux/Unix操作系统，熟练掌握常用设计模式；\n2. 有分布式系统设计开发经验，能独立承担软件模块设计和开发工作；\n3. 熟悉大数据相关组件Hadoop/Flink/HBase/Spark/Sqoop/Oozie/Flume/Kafka/Storm/Hive/Elasticsearch/Presto/CarbonData/Hudi/ClickHouse内核源码，系统性能调优和分布式架构经验优先；\n4. 有云服务化开发经验，DevOps实践经验，开源社区项目代码贡献者优先。'], ['大数据开发工程师（OD）', '工作要求:\n1. 掌握Java/Scala/Python/C/C++语言，熟悉Linux/Unix操作系统，熟练掌握常用设计模式；\n2. 有分布式系统设计开发经验，能独立承担软件模块设计和开发工作；\n3. 熟悉大数据相关组件Hadoop/Flink/HBase/Spark/Sqoop/Oozie/Flume/Kafka/Storm/Hive/Elasticsearch/Presto/CarbonData/Hudi/ClickHouse内核源码，系统性能调优和分布式架构经验优先；\n4. 有云服务化开发经验，DevOps实践经验，开源社区项目代码贡献者优先；'], ['大数据开发工程师', '工作要求:\n1. 掌握Java/Scala/Python/C/C++语言，熟悉Linux/Unix操作系统，熟练掌握常用设计模式；\n2. 有分布式系统设计开发经验，能独立承担软件模块设计和开发工作；\n3. 熟悉大数据相关组件Hadoop/Flink/HBase/Spark/Sqoop/Oozie/Flume/Kafka/Storm/Hive/Elasticsearch/Presto/CarbonData/Hudi/ClickHouse内核源码，系统性能调优和分布式架构经验优先；\n4. 有云服务化开发经验，DevOps实践经验，开源社区项目代码贡献者优先']]"
676,3,"[['python/matlab工程师', '工作要求：\n1. 精通Matlab/python优化、机器学习、深度学习、仿真、复现、算法、神经网络、建模、数字图像识别等其中一项或多项技术\n2. 擅长app小程序爬取，会逆向优先\n3. 愿意用专业的技能与经验帮助他人，个性严谨，为人谦和，细心认真，责任心强，业余时间较多\n4. 愿意利用业余碎片化时间赚取丰厚佣金'], ['Python/matlab工程师（线上兼职工作）', '工作要求：\n1. 精通Matlab/python优化、机器学习、深度学习、仿真、复现、算法、神经网络、建模、数字图像识别等其中一项或多项技术\n2. 擅长app小程序爬取，会逆向优先\n3. 愿意用专业的技能与经验帮助他人，个性严谨，为人谦和，细心认真，责任心强，业余时间较多\n4. 愿意利用业余碎片化时间赚取丰厚佣金'], ['Python/matlab工程师', '工作要求：\n1. 精通Matlab/python优化、机器学习、深度学习、仿真、复现、算法、神经网络、建模、数字图像识别等其中一项或多项技术\n2. 擅长app小程序爬取，会逆向优先\n3. 愿意用专业的技能与经验帮助他人，个性严谨，为人谦和，细心认真，责任心强，业余时间较多\n4. 愿意利用业余碎片化时间赚取丰厚佣金']]"
689,2,"[['大数据工程师', '工作要求：\n\n1. 计算机相关专业全日制统招本科及以上学历，并有3年以上Hadoop/HBase大数据平台实施经验；\n2. 对Hadoop生态技术体系有深入了解，如HDFS、MapReduce、Zookeeper、HBase、Hive、Impala、Spark、Kylin等；\n3. 有PB级别互联网或者金融交易数据量处理落地项目实施经验，熟悉整个大数据平台的处理流程和大规模分布式集群的环境搭建；\n4. 熟悉互联网、移动互联网或电商等行业大数据应用场景及大数据算法，具有相关行业大型项目开发或实施经验优先；\n5. 熟悉Linux/Unix环境下的Shell脚本、熟悉Python/Shell/Perl任意一种脚本语言；\n6. 熟悉常用运维监控工具（nagios/ganglia/zabbix/grafana/openfalcon等）和相关插件的开发；\n7. 具备良好的服务意识，善于主动思考，自我驱动力强。有良好的沟通、协调能力，富有团队精神，有较强的文档编写能力；\n8. 有大数据开发经验和阅读源码能力者优先。'], ['大数据运维工程师', '工作要求：\n\n1. 计算机相关专业全日制统招本科及以上学历，并有3年以上Hadoop/HBase大数据平台实施经验；\n2. 对Hadoop生态技术体系有深入了解，如HDFS、MapReduce、Zookeeper、HBase、Hive、Impala、Spark、Kylin等；\n3. 有PB级别互联网或者金融交易数据量处理落地项目实施经验，熟悉整个大数据平台的处理流程和大规模分布式集群的环境搭建；\n4. 熟悉互联网、移动互联网或电商等行业大数据应用场景及大数据算法，具有相关行业大型项目开发或实施经验优先；\n5. 熟悉Linux/Unix环境下的Shell脚本、熟悉Python/Shell/Perl任意一种脚本语言；\n6. 熟悉常用运维监控工具（nagios/ganglia/zabbix/grafana/openfalcon等）和相关插件的开发；\n7. 具备良好的服务意识，善于主动思考，自我驱动力强。有良好的沟通、协调能力，富有团队精神，有较强的文档编写能力；\n8. 有大数据开发经验和阅读源码能力者优先。']]"
693,5,"[['python实习生', '工作要求:\n1. 桥梁工程专业在校本科/硕士\n2. 对数字化方向感兴趣\n3. 会python编程\n4. 熟悉Excel操作\n5. 有钻研精神、性格外向乐于沟通'], ['Python', '工作要求：\n1. 能够长期兼职\n2. 无时间和地点限制\n3. 能够耐心沟通\n4. 能够尽快完成任务\n5. 能够满足客户需求\n6. 计算机类大学生优先'], ['Python', '工作要求：\n1. 工作时间不限\n2. 工作时段不限\n3. 能够完成深度学习任务\n4. 兼职，能够闲暇之余工作'], ['平台后端高级工程师', '工作要求：\n1. 担任技术栈负责人\n2. 参与软件平台产品的后端功能设计与开发\n3. 与前端开发人员一起研讨技术实现方案，制定服务接口\n4. 负责梳理和优化平台开发流程，搭建高效集成的平台开发环境'], ['材料软件/凝聚态物理开发工程师', '工作要求：\n1. 统招硕士及以上学历，材料、化工、物理等专业背景\n2. 熟练掌握所列分子模拟软件中的一个或多个（如VASP、LAMMPS、GAUSSIAN、Quantum Espresso等）\n3. 有Python软件编程经验者优先\n4. 良好的编程习惯和算法基础，深刻理解并熟练运用基础算法和数据结构知识，能用Python实现较为复杂的算法问题\n5. 具有独立完成复杂功能的经历，能够完成完备的设计文档，清晰的接口定义，能够有效的进行任务拆分\n6. 代码风格干净简洁，具有极高的软件质量标准']]"
745,2,"[['仿真开发工程师', '工作要求：\n1. 统招本科以上学历，具备2年以上车路协同或自动驾驶仿真工具开发经验。\n2. 精通python，具备5年以上python开发经验。开发过高并发、高稳定性的异步服务。\n3. 深入了解web服务的原理，具有高可用性web服务开发经验。\n4. 熟悉至少一种仿真软件，如：SUMO、webots、Carla等。\n5. 具有很强的创新能力，能够根据产品测试现状设计工具解决测试难点问题，提升效率。\n6. 熟悉车路协同分布式大数据计算平台的基本原理更佳。\n7. 具有分布式软件或服务开发经验更佳。'], ['Python开发工程师', '工作要求：\n1. 统招本科以上学历\n2. 精通python，熟悉django或其他web框架，2年以上python工作经验\n3. 熟悉restful，oauth等框架或者技术\n4. 有良好的代码编写习惯，熟悉使用git等代码管理工具\n5. 有OpenSource项目经验加分\n6. 独立解决问题的能力\n7. 有良好的团队工作意识\n8. 能够承担压力']]"
